title_raw,description,AI_role
Operations Consultant Intern,"•	Identify and fix over 400 disruptive transportation shipments per day to increase trucking customer’s revenue and Shiplify's efficiency•	Helped increase from a 93% success rate to 96% success rate over 3 months for the machine learning software which calculates over 300,000 shipments per day",SIGNALING
First Vice President - Global Lead for Digital Client Self-service at TMRW Digital bank,"Digital Self-Service Launch: Successfully launched over 90% Straight-Through Processing (STP) menus for self-service, integrating Chat-bot technology across Thailand, Indonesia and Singapore.Operational Efficiency: Achieved a 15% reduction in agent inquiries through increased deflection rate, contributing to improved operational efficiency.Strategic Partnerships: Drove strategic partnerships with Fintechs like Avatech.AI,  Walkme, Bancassurance fintechs.",AI INTEGRATOR
Manager of Data Science & Machine Learning,"- Prototyped AI Chatbot and Agents ingested with vector-embedded knowledge base and production feature store using Anthropic Claude and AWS Bedrock.- Built Urgently’s award winning pricing engine (https://tinyurl.com/42n7ared), reducing human intervention by 22% and achieving $1.19MM in annual savings.- Architected and deployed the company's first ML system for provider-customer matching, processing 50k requests/day, doubling the match rate, and delivering $2.2MM in annual savings.- Recruited and led a team of data scientists in transforming existing products related to search, pricing, forecasting, and measurement; reported directly to Chief Data Officer.",AI INTEGRATOR
Data Scientist & Staff Software Engineer,"1. Research and development of algorithms for classification and grading of steel metallographic structures1) Analyzed and summarized customer demands, learned the characters and rating standards of various metallographic structures, wrote project scopes of the project statement of work, summarized the key points in metallographic standards and organized training activities.2) Trained models for classification and grading of some steel metallographic structures4) Development of the image processing algorithms for the size computation and rating of graphite.2. Defects detection of PCBAutomatically detected the bad mounted components on the PCB boards based on the algorithms combined with the object detection algorithm of deep learning and traditional image processing algorithm, greatly reduced the missing detection rate and manual review rate of the boards, met the demand of production rhythm, supported and guaranteed the project acceptance.3. Feasibility verification of bearing defect detectionResearched and trained models for the detection of bearing surface defects (including scratch, bump, step, dirt and surface lettering recognition.)4. Feasibility verification of identification of logistics itemsResearched and trained models for automatic identification of logistics items5. College cooperationGuided the student to complete the graduation thesis, including topic selection and algorithm selection.6. Automated test development Developed scripts of the web testing process based on selenium for the VE production.7. Testing programs Test tasks for the storage products such as TSM VE and BA.8. PatentsSubmitted 7 disclosures: 3 of them are Publish, 1 of them is Published.",SIGNALING
Algorithm Engineer,"1. Research and development of smart heating algorithm1) Analyzed and summarized the demands of heating, observed the heating phenomenon and summarized the rules in the heating process that can be used in the analysis of input data of the heating models.2) Being in charge of the data acquisition required by the project, coordinated the cooperation between the algorithm group and the on-site colleagues3) Put forward the overall solution of smart heating, and preliminarily designed the AI solutions of the whole heating process.4) Development of automatic valve regulation based on Selenium6) Developed the flow prediction (required to achieve the indoor temperature target) models based on MLP and LSTM, deployed the models into the heating process.7) Trained models of indoor average temperature prediction based on some common machine learning models9) Set up algorithm development team, recruited algorithm engineer and software engineer, assigned tasks and managed development team.10) Designed and developed an automatic training framework for the indoor average temperature prediction model.2. Research and development of algorithms for smart rangehood1) Analyzed and summarized the demands of smart rangehood2) Set up smart application development team, recruited algorithm engineer, hardware development engineer and embedded software development engineer3) Organized the activity of collecting cooking data from the customers for the recognition and analysis of lampblack4) Trained models for the smart rangehood including lampblack recognition, cookware recognition, action (causing lampblack) detection, etc.5) Designed and developed the recognition framework, including image data extraction, preprocessing and other related functions.3. Patents  Submitted more than 10 patents: 2 patents are Granted, others are in the status of Substantive Examination",SIGNALING
Proprietary Trading,Proprietary trading and software development for ML in finance and trading,SIGNALING
Data Scientist,"Develop meaningful measurements or features of content and novelty of scientific works through the application of text mining and natural language processing (e.g., topic modeling, sentiment analysis,) techniques to a large corpus of biomedical literature. Additionally, create prediction and classification models using these validated measurements or features while working with the LISH Data Science Team to design and execute data science and AI development contests with partner research organizations.",SIGNALING
Data Mining projects and R&D (DSS consulting Ltd. internal projects),"taking part in research and development projects focusing on adapting Machine Learning technologies to real life applications. My tasks include implementing and tailoring Machine Learning algorithms to business needs. I have experience in supervised and unsupervised learning algorithm implementations.■WebWatch Project taking part of development of application that provides web analytics services. The main focus of interest was topic-based sentiment analysis and web usage mining ( recognizing behavior patterns via link traverses utilizing LCS and segmentation)I was responsible for the design and implementation of the web crawler module and the sentiment analysis module. I implemented a Robust Risk Minimization classifier to carry out the task.■Molecule project in cooperation with Alfred Rényi Insitute of Mathematics, Hungarian Academy of SciencesThe Project's objective was to synthetize new kinds of pharmaceutical substances in a combination of commonly used and accepted chemical profiles ( chemical reactivity descriptors of reagents and molecules used as training sets for predictions).My task was to design the data model and implement the machine learning algorithm proposed and formulated by Alfred Rényi Insitute of Mathematics■IDS Project taking part in development of an Intrusion Detection System capable of performing real-time traffic analysis. Responsible for implementing java technology based algorithm framework.■mDurance project with Semmelweis Universitybuilding data mining model that delivers personalized recommendation services for young individuals who are passionate about professional sport career. The application predicts the sport activity that best fits the individual's antropometric profile. ■Semmelweis UniversityMachine Learning aided blood test diagnosis for cancer detection",SIGNALING
Data Science Sr. Manager,"IFounded the North American branch of BASF’s statistics, business analytics and machine learning
competency center. Established a durable source of internal collaboration with businesses, corporate units and manufacturing facilities by generating sizable savings and/or EBIT:  
    • The advent of complex trading algorithms operated by many market participants had made BASF’s legacy fundamentals trading strategy less successful in the most liquid precious metals markets. Therefore, developed and delivered a tailored algorithmic trading service that generated millions in revenue in the first year alone.
    • Allowed manufacturing facilities to starkly reduce million-dollar losses due to production of off-spec material by building machine learning models that allow plants to react timely to deviations from normal operations",SIGNALING
System Engineer,"Mi occupo della gestione dell'intera server farm aziendale e come primo responsabile: della intranet e della extranet, SOA interna, Sharepoint online, bilanciamento applicativo (F5) dei servizi online, della configurazione delle strutture applicative (web app, WCF, servizi Windows), file server e dell'implementazione delle strutture server ex-novo. Sono co-responsabile dell'infrastruttura di hosting virtuale Nutanix della server farm e dell'infrastruttura di backup. Curo la progettualità in cloud su Azure (DR, app, logging, Key vault, IAM, migrazioni server, front-door, monitoraggio applicativo cc. ).  Sono stato project leader per la migrazione della posta su Exchange 365 online, dell'implementazione dell'infrastruttura applicativa SOA, nella realizzazione di una struttura documentale sia su Sharepoint 2013e 2016 che su Sharepoint online, della individuazione e realizzazione della struttura server web e dati del sito istituzionale per il quale curo anche il data layer nel ruolo di database administrator. Sono il responsabile della gestione infrastrutturale per la parte WordPress e MySql e del sistema di deploy dei contenuti del sito istituzionale. Svolgo anche il ruolo di trainer per la la formazione tecnica del personale interno. Ricopro da alcuni mesi anche il ruolo di DEC. Negli ultimi due anni mi sono specializzato nelle nuove teconologie di intelligenza artificiale con corsi di specializzazione specifici. Ho conseguito un   master su AI presso Talent Garden.  Ho ricoperto il ruolo di project leader per lo sviluppo di una chatbot aziendale basata su AI generativa di cui attualmente curo gli aspetti evolutivi e di content management. Sempre in questa fase attuale mi sono specializzato nell'utilizzo di Python, PHP e Javascript. Ho da poco curato la progettazione e lo sviluppo, e  l'integrazione con l'AI di una applicazione in PHP e MySQL per la gestione della KB aziendale. Attualmente mi sto occupando del progetto di  migrazione in cloud del DevOps aziendale.",AI INTEGRATOR
stagiaire data scientist,I have developed a Deep Learning algorithm for the classification of electrocardiograms.,SIGNALING
Software Engineering Intern,"➣ Developed Augmented Reality (AR) project with five team members. Goal: To reduce failure rate in router Customer Self Installations (CSI) saving the company $28M per year (projected).➣ Pioneered novel initiative for internal ""Shark Tank"" competition. Project: using Natural Language Processing (NLP) to enhance Business Intelligence (BI), Data Insights, Customer Experience and Brand Insights by understanding customer reviews and sentiment. Gathered information from across the organization to narrow scope and direction. ➣ Cleaned up micro-services code on internal applications to make it more dynamic and easier for business users.➣ Designed 22 High Fidelity screens for an iOS application prototype using Adobe XD ➣ Working with cross-functional teams and key stakeholders to bring projects closer to production.➣ Wrote Project Plan and Pitch Deck for new innovation project using brand guidelines.➣ Presented to 65+ key stakeholders and leadership ranging from Associate Directors to SVP’s.",SIGNALING
Student Intern,"- Demonstrated strong attention to detail by meticulously cleaning, reorganizing, and preprocessing data for a domain-specific AI project. Conducted comprehensive competitor analysis on 50+ potential competitor companies to identify market trends and inform strategic decisions. - Collaborated effectively with the team to ensure the availability of high-quality and processable data, contributing to the successful training of the AI model. The transformation of the data led to a 50% increase in outreach, significantly enhancing business outcomes and operational efficiency.",SIGNALING
IBM Business Unit Lead,"Develop and grow the IBM HW and SW business in the areas of storage systems, business automation, analytics, cloud, Watson AI.Execute the IBM strategy in co-operation with global and local stakeholders.Support TD SYNNEX partners to help them improve their skills and increase their market share.Lead the IBM unit in order to maximize the impact on the market.Re-establish and maintain a high level service of excellence with the growing TD SYNNEX partner network.",SIGNALING
Human Resources Team Lead,"•	Leading a global team of 10 people across word wide IBM, supporting Europe and Middle East Africa region with HR related services, such as: employee data management, contract changes, employment certificate, leave requests, payroll related tasks, on boarding, off boarding, HR queries. •	Working on different innovation and transformation projects to improve our services and employee satisfaction by using AI.",SIGNALING
Human Resources Team Lead,"Setting up a new HR Services team in a start up company Kyndryl as part of a global project. Leading the global team of 13 HR advisors accorss EMEA, supporting 38 countries in Europe and Middle East Africa region with employee life cycle related queries and employee data management. *Taking part in innovation and transformation projects to improve our services and employee satisfaction by using AI.*Coching new team members and buliding a positive team environment.*Working on processes descriptions and shared knowledge base.*Setup SME structure and back up system to ensure a self-driven teamwork.",SIGNALING
Owner,"Co-founded an AI and data company specialising in consumer-to-consumer betting exchanges, which was profitable from month one.- Briefed team of developers to translate complex mathematics into code. - Successfully sold the business after 18 months, working with the acquirer to establish the business overseas and to earn-out.",SIGNALING
Analytical Consultant,"In addition to consulting and development responsibilities, I am involved more pre-sales activities (often  related to text processing), and team coordination.

Main tasks and responsibilities:
. Contributing to an anti-money laundering system by developing an information extraction process
. Supporting sales by development and giving demos, mainly regarding text processing (NLP) and network analysis",SIGNALING
Cloud Engineer,"•  Designed & Reviewed the Architecture for the Approved Aws Services •  Automated the AWS Account Onboarding & Inflation Process which includes Account Creation, SCP Enablement, Human IAM Role Deployments, IDP setup, Logging enablement & Aggregation etc. •  Developed & Implemented Terraform Scripts to deploy Network components. •  Configured & managed centralized log collection and processing for Cloud trial Logs •  Has extensive Knowledge on AWS services Compute (EC2, ECS on Fargate, EKS, ELB), Storage (EFS, EBS, FSX) Network (VPC, Subnets, Routes,IGW, TGW, Peering, privatelink, IAM(Roles, Policies, Permission boundaries, Groups), Backup, DRS, SCP, Config, Audit Manager, Guardduty, Security Lake, Gen AI Models, etc. •   Enabled the System Manager Service to gather inventory, deploy Cloudwatch Agents to gather Memory & Disk metrics, Deploy Documents to perform any configuration changes. •  Streamlined the AWS Root Account Management Process, IAM Roles based on the domain, roles & responsibilities. •  Designed & Implemented solutions to Migrate Data/Applications from on premises to AWS Cloud.",SIGNALING
Reporting and Business Intelligence Specialist,"I lead and consult on a wide variety of projects at Radnet. My goal is to deliver scalable, consistent solutions that intelligently leverage process and technology. Some recent projects have been focused on: • Built business case, developed partnerships, and oversaw contract negotiations for development of custom analytical tool • IT Service Management (ITSM)  initiative that drove a 35% increase in productivity • Using Natural Language Processing (NLP) to categorize free text e-mail • International Project Overseeing Enterprise Data Warehouse Architecture for a National Government Breast Screening program • Data aggregation and reporting to meet Physician Quality Reporting System (PQRS) requirements • Development of Medicare Merit Based Incentive Payment System (MIPS) exception workflow tool",SIGNALING
President | Co-founder,"Quadrical’s AI powered SaaS engine helps enterprises enhance the value of their data streams by identifying optimal solutions. Currently hiring AI experts and software architects and developers in Waterloo, Canada and Gurgaon, India.",AI INTEGRATOR
Student Research Assistant,I worked on federated machine learning in drug discovery.,SIGNALING
Junior Data Scientist,I develop machine learning solutions on Google Cloud Platform.,SIGNALING
Data Scientist,I use ML to boost the performance of a trading algorithm.,SIGNALING
Sr Associate Analytical Consultant,"I was working on various projects and pre-sales activities as an analyst, developer, and consultant, usually as part of a smaller team.

Related tasks and responsibilities:
. Implementing several machine learning based credit risk models as well as analyzing its performance
. Analyzing default spreading on a network built on transaction data
. Participating in building a toy self-driven car as an internal project (responsible for the CV part)",SIGNALING
"CAI Project Administration Coordinator, Creative AI Division",The direct supervisor: Director of Creative AI Division and Assistant to Chief Information Officer.• Professional Project Coordinator of The Creative AI Camp for Incoming Society (CAICamp) between in-house and outsource teams (End to End).• Prepare and coordinate the relevant matters with the government (End to End).• Create the implementation plan and execute the plan of The CAICamp in Thailand and Singapore (NUS and IBM).• Coordinate the relevant parties to design and implement the Artificial Intelligence Study Course (AI).• Report and business communicate all relevant matters of the CAICamp and all Creative AI Knowledge Center directly to the Assistant Vice President and the Director of the Creative AI Division.• Implement the AS-IS process report with sourcing error/gap of 7-11stores in Thailand and finding out the TO-BE process report of how AI and blockchain can minimize the errors and/or add up the values for 7-11 stores.• Prepare the meeting minutes and all relevant documents (proposal and presentation) for the executive meeting with the CEO and the executive levels.• Successfully handle all unexpected problems of The CAICamp in Singapore.• Handle and manage all quotations and disbursements.• Create and manage contents on the official online channels with the outsource team.For more info.www.cpall.co.thwww.facebook.com/caicampwww.caicamp.com,SIGNALING
Fund Manager,"Performed dealer task and developed Machine Learning based quantitative investment decision support including universe selection , portfolio re-balancing, investment strategies and risk model by reportingdirectly to fund manager. Initiating on data science project for fund management and created pre-trade and post-trade interactive tableau dashboard.",SIGNALING
Working Student,"Data Management, Data Mining, Big Data, ML/AI",SIGNALING
Data Analyst,"Carry out R&D work of Hong Kong Science Park and develop solutions on intelligent machine, intelligent system, intelligent manufacturing using AI and related technologies including but not limited to machine vision, quality inspection, and content management, resource planning, modeling, prediction, optimization, etc.<br>Responsible for clients’ application and website system development and implementation, performapplication systems maintenance including support to end-users and troubleshooting<br>Assist in market analysis, system analysis, design, application testing and prepare relevant documentation",SIGNALING
AI Scientist,AI scientist and user experience lead,SIGNALING
Planner Supply Chain Management in Propulsion at Boeing,"•	Demand Forecasting for propulsion engines - Manage demand forecasts and disposition actions from statistical modeling software.  Develop and maintain item-level forecast and supply plans, incorporating business intelligence and forecast information gathered from Sales, Marketing, Customers and the OEM.   Timely submittal of extended forecast data to OEM, as well as working to achieve acceptable accuracy levels for inventory.•	Supply Planning - Schedule and order products to arrive in advance of demand while ensuring a profitable match between supply and demand.  COGS analysis with product line management for each product line. •	Excess and Obsolescence Management - Periodic analysis of Excess & Obsolescence data reports.  Identify and coordinate internal and external actions to support the company’s objective.•	Analysis and Reporting - Periodic performance through service level, forecast accuracy, reporting to include root-cause and corrective action plans for products and/or product lines performing below target.  Maintain continuous improvement plans to include strategic actions to enhance inventory productivity while maintaining target product availability.  Review historical sales trends, research demand drivers, prepare forecast data, develop statistical forecast models and evaluate forecast results.  Prepare and present reports and analysis advising stakeholders of variances between existing forecasts, plans and actuals.•	Milestones - O-Ring and blade project for process mapping, supplier/customer input/output process.	Stress test beta projects in Excel tables, Spotfire Reports, External Portals, SPM, and SAP to verify new review reasons, discuss and test critical filter options and other queue filters.  HyperCare workshop with Capgemini team for fine tuning results for new SPM inventory system.  Meet contract commitment requirement for product lines.  Identify pull-in and push out POs through data analysis of various systems and teams.",SIGNALING
Investor and Product Manager,"We built an AI-powered Smartphone app for Art-enthusiasts, in partnership with local galleries.",SIGNALING
Computer Vision Researcher,"Developing human-machine interfaces, semi- and unsupervised recognition algorithms at Verizon.Major projects:Application of CycGANEvaluating different boundary constraints (based on Gradient Penalty) for WGANImproving on performance for Pose estimationTraining facial landmark localization algorithmsAge, gender, emotion detectionBenchmarking Domain Adversarial Neural Networks (DANN)Benchmarking vehicle and pedestrian detection from surveillance cameras with YOLO",SIGNALING
Machine Learning Engineer,"- Responsible for developing solutions suitable for real-time processing environment and make accurate decisions.- Developing many ML models include Sentiment Analysis, Text Category Detection, Terrorist Detection, Emotion Detection, and Names Gender Detection model, depending mainly on FastText, Conditional Random Field (CRF), and Support Vector Machine (SVM) using Python..- Implementing an intensive Pre-processing pipeline since the target language is non-standard Arabic, instead, it is the Syrian dialect.- Developing and maintaining back end services using Django.",SIGNALING
Data Science Intern,"* Building supervised and unsupervised Machine learning Models * Exploratory Data Analysis on Retail , superstore Find businesssolutions to make more profit*Exploratory Data Analysis on Global Terrorism , find out the hot zone of terrorism. *Exploratory Data Analysis on Indian Premier League , find out the most successful teams, players and factors -contributing win or loss of a team. *Create a hybrid model for stock price/performance prediction usingnumerical analysis of historical stock prices, and sentimental analysis of news headlines *Create a storyboard showing spread of Covid-19 cases in Asia,Identify interesting patterns and possible reasons helping Covid-19spread",SIGNALING
Researcher and Content Writer,"Writing full Arabic Accurate blogs in artificial intelligence , Machine learning , Deep Learning and Natural language processing Trying to show artificial intelligence to the world",SIGNALING
"Director, Pricing Systems","Responsible for managing and executing Amazon's pricing strategy for global retail business units. 

My teams are responsible for ensuring that pricing at Amazon remains competitive. I lead an organization of 650+ team members spread across multiple locations, comprising of technology, technology operations, business operations and quality teams. The technology problems span across the areas of distributed systems, scalable web crawling, statistical algorithms, machine learning and data mining.",SIGNALING
Web project manager,"◆ Pilotage du programme de social selling avec les équipes commerciales ◆ Copilotage du projet de mise en conformité GDPR/RGPD de 25 sites web, de leurs bases de données et des campagnes Emailing/Infolettre dans 16 pays ◆ Formation en français et en anglais à l’utilisation de la solution Emailing/Infolettre Activetrail, de la solution de montage vidéo en ligne 2Emotion et de l’outil de social selling LinkedIn Sales Navigator ◆ Garant du respect des bonnes pratiques des campagnes emailing et de la charte graphique des vidéos de programmes immobiliers pour le site www.bnppre.fr ◆ En charge de faire valider au département Juridique tout projet web du point de vue légal ◆ Captation, montage et sous-titrage de vidéos sous Adobe Premiere Pro et 2Emotion ◆ Déploiement d'un réseau social interne et formation des employés à son utilisation Principales réalisations : ➜ Coordination des 16 pays pour la mise à jour de leur site et synchronisation de 9 pays pour l'envoi de campagnes emailing en vue de la mise en conformité GDPR/RGPD ➜ Pilotage du déploiement de la stratégie et des outils de gouvernance réseaux sociaux à l'international dans 7 pays ➜ Création de guides d’utilisation et de bonnes pratiques des réseaux sociaux, de la solution Emailing/Infolettre Activetrail, de la solution de montage vidéo en ligne 2Emotion et de la solution de Social Selling LinkedIn Sales Navigator en français et en anglais à destination des employés de la société",SIGNALING
人工智能,"Business Developer as part of SAP Innovation Center Network (ICN) Machine Learning team, responsible for Key Enterprise Accounts across various industry sectors in Northeast and South market units in US.",SIGNALING
Vice President; Sr. Tech Manager - Systems/Data Security,Work stream leadership for transition (ML) activities. Work leader for access management transformative projects.,SIGNALING
Senior Solutions Consultant,"Propose solutions to meet clients’ needs and serve as the industry expert to prospective clients in the fields of Robotics, Digital Process Automation, CRM, and AI.

Assist in the production of RFP’s and other proposals to clients.

Deliver POCs and custom demonstrations to meet the scope and functionality to ensure that all success criteria are delivered and product differentiators are included.

Collaborate with product managers, software developers, analysts, business officers, and other groups ensuring the successful execution of the sales strategy.

Provide thought leadership in technology across separate industries.",AI INTEGRATOR
Intern,Worked on predictive modelling using statistical techniques and machine learning tools.,SIGNALING
Mitacs Globalink Reseacher,"• Conduct exploratory data analysis (EDA) and design advanced feature engineering techniques for ambulatory physiological signals, successfully identifying unique stress biomarkers to enhance the precision of stress detection models. • Develop and optimize machine learning pipelines, integrating state-of-the-art time-series analysis, robust feature selection methods, and effective upsampling strategies, resulting in improved model performance, reliability and generalizability. • Demonstrate problem-solving skills by addressing challenges in real-world physiological data, such as missing data and noise, ensuring high-quality preprocessing and analysis. • Document workflows and results to support reproducibility and facilitate knowledge transfer across teams.",SIGNALING
Product Owner,"Product Owner of Photovoltaic Products Key Responsibilities: • Communication with customers, development teams and business partners on daily basis • Participation in product design process • Plan and prioritize product features, backlogs • Acceptance testing of new features • Defining neural network research areas • Onsite support for customers in Asia and Europe • Incident management • Monitoring of development progress • Reporting for upper management",SIGNALING
Bolsista de Iniciação Científica,Projetei e implementei um método de deep learning que combina representações visuais e semânticas extraidas através de redes CNN e informações categóricas textuais para melhorar tarefas de classificação. Utilizando python e tensorflow para criar e avaliar os modelos.,SIGNALING
Manager,"ChatGPTAs a director at an educational academy, I led the development and implementation of innovative educational programs utilizing digital technology in alignment with quality educational standards. I managed the organizational structure and provided guidance to educators to ensure a comprehensive and productive learning experience for students. Through collaboration with the administrative team, we successfully achieved our objectives with excellence, enhancing the quality of education through information technology and providing a learning environment that stimulates students' learning and personal growth.",SIGNALING
Senior Analyst,"Capgemini acquired igate Global Solutions Limited , in capgemini i have worked in two projects initially i started with SQL and Unix where i have given basic work like DML statements, job monitoring, uploading files in production later year in 2015 i joined talend Team in IGATE where i started working with chespeake project which has various existing ETL flow and we need to do enhancement of those ETL based on defects after production deployment in Later stage another version of chespeake came into picture where we need to start ETL from scratch i was only ETL resource in chespeake where i designed ETL flow to deployed and and currently resolving defects and add on requirements on the ETL At the same time i m working on Fin source project whose approx more than 5 ETL i have only designed and implemented of which two are already in Production and with 0 defects it , these jobs are scheduled via autosys , so i have basic knowledge of Autosys , where we create enviornment file, jil (job information language) and shell scripts for archive and back up.",SIGNALING
Talent Acquisition Specialist,"Cientra is a global Engineering Design & Services company, rapidly growing with a vision to remain the preferred vendor in the industry. Has multiple turnkey engagements with large multinational corporations from industries such as Semiconductors, Telecommunications, Automotive & Aerospace. With itu2019s strong technology DNA, Cientra is transforming the way companies do business. Engaging with customers as partners and helping them to gain competitive advantage in the market place. Cientra along with its rich portfolio of next generation IP cores, offers best in class services in the following Engineering functions: 1) Embedded SOC - Design - Verification - Synthesis - Emulation - Physical Design - Analog Layout 2) Automotive - Algorithm - Modeling & Simulation - Hardware/Software Compliance 3) Artificial Intelligence - Machine Learning - BOTS - Voice - Image Recognition 4) IoT - Consulting - ISV/Platform - CSV/MVNO/MNO - OEMs/Device 5) Aerospace - DO 178 B/C - DO 254 - ARP 4754 - Software - Firmware - Application 6) Telecom - Software Development & Testing - 3GPP RAN - Protocol Stack - Cellular IoT - 5G Enhancements Website http://www.cientra.com",SIGNALING
Engineering Unit Manager Product & System and  EE & Semiconductors at Capgemini Engineering,". Engineering leadership of 175 engineer specialized on Product & System + Electrical, Electronics and Semiconductors for automotive and rail industry (+17% growth in 2023). Tehnical lead in System development. Actor of the the changement of organization from Altran to Capgemini (Tools, process ...). Responsible of the performance of his engineers unit (Cost, Skills, Carreer, Business, world communoty, team spirit...). Member of the Auto and Rail Management Committee",SIGNALING
Principal Cloud Architect Consultant,"My Key Responsibilities:Lead the design and delivery of enterprise cloud solutions, aligning with client business goals and regulatory requirementsDefine cloud adoption strategies, migration blueprints, and modernization roadmapsArchitect cloud infrastructure and services that scale securely and cost-effectivelyPartner with internal and client-side DevOps, Security, and Data teams to implement cloud best practicesConduct architectural reviews, risk assessments, and readiness evaluations for large-scale migrationsDeliver executive-level presentations, architecture documentation, and technical whitepapersServe as technical lead and mentor, shaping internal knowledge frameworks and architecture standardsConsulting & Leadership Skills:Proven leadership in client-facing consulting environmentsAbility to translate complex technical topics into clear business value propositionsStrong written and verbal communication skills, including executive briefing deliveryEntrepreneurial mindset with a passion for innovation, mentorship, and cloud excellenceAlso experience with Artificial Intelligence & AutomationAI Integration in Cloud WorkflowsMachine Learning Deployment on AWS (SageMaker, Lambda)AI-based Automation for IT Operations (AIOps)Data Pipeline Design for ML Workloads (Glue, Data Factory)",AI INTEGRATOR
"Recruitment Solution Design Leader, North America","Lead Recruitment Process Outsourcing (RPO) Design Team, creating innovative RPO solutions and transformational initiatives for Fortune 500 organizations, saving millions of dollars and providing white-glove candidate experience*	Designed RPO programs in first year with more than $200M of revenue in retail, healthcare, industrial, financial and technology verticals*	Spearheaded total design overhaul from traditional recruitment approach to a heavily automated, tech-driven methodology, saving clients on average $2M*	Conceived and developed $7M RPO for major healthcare org, resulting in 50% reduction in recruitment FTE and 40% reduction in budget, leveraging AI chatbot automation, asynchronous video and pre-hire virtual simulation technology",AI USER
"Global RPO Manager, Talent Acquisition","Aligned people, processes and technology via talent identification and selection to support transformational human capital goals of this $4B global enterprise. Led(1) Global Delivery Leader (5) Regional Delivery Managers and a global team of (59) Talent Acquisition team members supporting 55 countries. -	Managed global stakeholder expectations of Talent Acquisition supporting corporate initiatives in 55 countries, 300+ global locations and 180 (Quick Response Centers) QRC’s in support of 3 Operational Division supporting Fluid Motion Solutions. Reporting chain to CHRO -	Strategically aligned Talent Acquisition Delivery with Senior Leaders (globally) to support the achievement of corporate plans while streamlining and simplifying processes to accelerate delivery. -	Collaborated with Corporate HR Operations and Project Teams in support of the redesign, evaluation and implementation of new process diagrams, talent mapping/process charting, assessment testing and functional ATS upgrades to evaluate and score talent through various social channels for talent attraction. •	Collaborated with Global RPO to deliver 3100+ hires in 2019 o	Decreased time to fill (TTF) globally by 18% •	Re-designed requisition “kick-off” process to include multi-language/multi-hire requisition template and job adverts to increase talent attraction •	Created requisition aging improvement process resulting in decrease in positions 90+ days old from 23% to 5% globally •	Implemented Cognitive and AI tools (Watson Recruiter/Watson Candidate Assist) and integrated into Application Tracking Systems (ATS) •	Led investigation and recommendations for 1st Global RFI/RFP identifying possible Master Solutions Provider/Vendor Management Solutions (MSP/VMS) providers to increase scalability/alignment for accelerated talent delivery while decreasing administrative operational burden on global HR infrastructure o	Reduced number of agencies globally from 200+ to under 20 (tiered)",AI USER
Data Engineer,"Responsible for designing data collection workflow and training machine learning model on AI-based gait analysis for patients with knee osteoarthritis

Pitching CLAIRE's technology and business idea in startup competitions to gain recognition and raise fund for operation",SIGNALING
PhD candidate,"I am doing research on AI-based MRI analysis for treatment decision support in patients with chronic degenerative low back pain. This is done at the orthopedic surgery department of the RadboudUMC and Sint Maartenskliniek, together with the Diagnostic Imaging Analysis Group.",SIGNALING
Sales Manager,"Sales Manager with responsibility for all of the strategic outsourcer accounts (27).  Included EDS, CSC, Cap Gemini, Capita, IBM, SEMA, Vertex.",SIGNALING
Tax Technology Intern,"Built a multiclass CNN (keras) based tax document classifier with an 87% overall accuracy.Utilized image augmentation techniques and hyperparameter tuning for robust performanceImproved web service response time by 300% through efficient data packaging on C# clientDeveloped a simple Flask server to test data integrity and cross-platform data preprocessing techniquesImplemented an OCR based tax document data extraction framework in python using Azure Computer VisionReduced yearly effort by 42000 man-hours, and cut yearly costs by $770,000 while eliminating human errorIntegrated Selenium tests in Azure CI/CD Pipeline and published screen recording of the build agent",SIGNALING
Machine Learning Developer,Built a causal inference pipeline to forecast blood glucose responses to intervention shifts in diabetic patients.,SIGNALING
Software Engineer for Data Science,Thomson Reuters Labs ML infra,SIGNALING
Investment Director and Board Member,"AI drug discovery, ML for healthcare, digital solutions",SIGNALING
Undergraduate Summer Research Fellow at ICERM,"The research conducted examined several numerical methods for solving matrix eigenvalue problems, efficient eigensolvers and their variants: Power Iteration, Inverse Iteration, QR Algorithm, concerning techniques as iteration method, inverse iteration, shifted inverse iteration method, Gram-Schmidt process, Householder transformations, and shifted QR decomposition. We discuss the normalization’s necessity and conditional convergence property for Power Iteration Method and compare various eigensolvers’ performance. We computationally experiment on the PageRank Algorithm and its variants. Additionally, this program explored of a variety of interdisciplinary research topics utilizing large-scale linear algebra, model reduction, randomized algorithms, and deep learning. Investigating the theoretical underpinnings of efficient eigensolvers in applied and computational mathematics and working collaboratively to develop open-source software tools.",SIGNALING
Process Lead,"Currently working as Process Lead with Capgemini Business Services India Ltd , Bangalore from April, 2014 to till date. ( Working with North America General Accounting Team ). SAP FICO end user experience : Journal Entries Creation of Internal Orders, Settlement and Asset creation Cost Allocation, Assessment and Distribution Cost Center Reporting Depreciation Run R100/R101 Reporting Master Data Maintenance GRIR clearing BPC Reporting AR/AP/FA Subledger Reconciliation",SIGNALING
"TECHNICAL TRAINEE,","Carried out Testing of Large A.C and D.C machines like Induction motors, Alternators and transformers etc. Worked on a project 'Torque Speed Characteristic Measurement by Torque Transducer' to plot the characteristic curves and measure Torque and speed of induction motors. Selected Contribution: Demonstrated proven abilities in a wide range of technical skills. Quickly moved to handle greater responsibilities including report creation.",SIGNALING
Business Analyst and CRM Specialist,"Thermo Fisher Scientific Inc. is an American supplier of analytical instruments, life sciences solutions, specialty diagnostics, laboratory, pharmaceutical and biotechnology services. As Business Analyst and Salesforce CRM Analyst, I drove commercial process improvements and expand Salesforce CRM functionalities cross the business.  ◼️ Led project to replace outdated, manual demo hardware tracking process with automated, efficient alternative, providing accurate, real-time insights, fostering a culture of self-sufficiency, and winning ‘Art of the Possible’ Innovation Award.◼️ Delivered 10+ CRM projects including investigation, definition, requirements gathering, documentation, design, risk management, back-end setup and customised configuration. ◼️ Defined, documented and shared 8 new processes for the team to aggressive timescales before and throughout a global pandemic. ◼️ Introduced Marketing AI review processes to optimise Return on Investment (ROI) for marketing campaigns, contributing to overall business success.◼️ Championed diversity and inclusion as a proactive Member of the African Heritage Employee Resources Committee and Journal Committee Leader.",SIGNALING
Project Officer,"•	Supported the set-up of the Skills Funding Agency (SFA) Course Directory Provider Portal project. •	Supported with creation and implementation of training guides. •	Facilitated users with Portal access, the RAG rating and the CSV upload process. •	Supported customers with data quality compliance. •	Prepared and analysed a range of reports from Salesforce database in Excel.",SIGNALING
Chief Architect and Director of Projects Office,"As Chief Architect, I lead the function that helps the business through the technical and security decisions faced by the Press around the globe. As Director of Projects office, I lead the department of project and programme managers for global strategic and technology projects. - I established the cyber security practice at the Press, managing the group of Enterprise Security Architects and arranging the setup of the security operations centre. My group has delivered a cyber security policy framework with individual standards on topics including website security, password policy, incident response and supplier security. We also manage the cyber security risk register and risk mitigation actions. - By providing the Global Technology Roadmap, my team holds the picture of how the Press's systems all interact today and provide the technical strategic direction for the future based on a TOGAF approach. - I manage technical governance over all change programmes. - I work with audit and compliance on IT assurance. - I'm Design Authority for the global roll out of SAP which has successfully gone from initial design to in-operation in multiple global locations. - I am also leading initiatives in Data Science, Artificial Intelligence and Machine Learning.",AI USER
Engineering Program Manager,"- Reported to the VP Engineering (exec level and first Algolia employee)
- First Program Manager at Algolia, supported successfully Engineering, Product, Data, AI teams

- Engineering: setup a culture of continuous learning through numerous initiatives: coaching, mentoring, voyagers, lunch&learn, manager codev sessions, Process Communication Model trainings, close collaboration with Engineering Managers
- R&D operations: setup OKRs, quarterly plannings, reorganization as squads and platforms, product manager codev sessions, R&D All Hands, close collaboration with Product Managers
- Data: setup Agile methodology including User Story Mapping for quarterly plannings, product adoption data framework, Product Qualified Leads, program managed data architecture and governance evolution, hired and onboarded the first Product Data Analyst, close collaboration with Data, Data ingestion, Product, Biz Ops, Growth teams
- AI: integrated the AI team to the R&D team, post-M&A",AI USER
Senior Lecturer in Law,"Working in the Law School, comprising of academic (LLB/LLM) and professional (GDL/BTC/LPC/STC) programmes, I teach and support students on undergraduate and postgraduate Law programmes.  I also engage in research and scholarly activities.",SIGNALING
Founder & AI Solutions Director,"Conducting research and advising companies and non-profits on realizing the potential of AI while governing Transformative Artificial Intelligence to address associated risks. Also working on biosecurity interventions for worst-case pandemics.Consulting and advising on Strategy/Theory of Change, Operational Excellence, Stakeholder Management, Risk Management, and more.",AI INTEGRATOR
"CEO & Managing Partner | Advisor to Boards, CEOs, COOs, CMOs, CROs & CTOs","•	Advising on M&A, transformation strategy for global scale, operational efficiencies, turnarounds, crisis management and recovery for CX, BPO, Technology, Engineering, Travel and Healthcare services companies. •	Consulting on customer experience and digital transformation (AI/ML, RPA, IoT); right-shoring of omnichannel BPO, ITO and contact center services; supply chain re-engineering; sourcing strategy development; Identification and selection of 'Right' geography, platform and provider, etc.",SIGNALING
Logistics assistant specialist,"Tüm tedarik zinciri, Dış Ticaret, Nakliye, depolama, Envanter Yönetimi, Sipariş Karşılama ve Müşteri Hizmetlerinin yönetimi, geliştirilmesi.Hayvan yemi üretiminde kullanılan mevcut bazı hammaddelerin satın alındığı andan itibaren ithalatının ve fabrika deposuna transferinin yapılması, taleplere göre müşterilere temini, planlanması, nakliye ayarlama ve planlama.- CBOT Fiyatlandırması ( Fasulye ve Soya Küspesi)- İrsaliyelerin kontrol edilmesi ve hazırlanması.- Günlük sevkiyata bağlı Satış Faturalarını kesmek.- Alış Faturaları takibi ve kontrollü işlenmesi.- En iyi hizmeti sunmak için depo ve nakliye şirketleri arasında koordinasyon.- Satım sözleşmelerini zamanında yürütmek ve hazırlamak.- Sürekli iletişim halinde bulunarak siparişlerin, stok miktarının, sevkiyatın planlanması ve takibi.- Siparişin tüketiciye zamanında teslim edilmesini ve müşterilerden gelen teslimat taleplerinin yerine getirilmesinin planlanması.- Taşıma operasyonlarının günlük, haftalık raporlanması.- Sorunsuz sevkiyat süreci sağlamak amacıyla nakliye şirketleri, müşteriler, depolar, liman yetkilileri ile iletişimi sürdürmek.-Dökme yük gemilerinin atanması gerçekleştikten sonra sertifika takibi, geminin Türkiye'ye ulaşma süreci, acentelerle ve gümrükçülerle görüşme, liman depolarla, antrepolar ile görüşme süreci, takibi.",SIGNALING
Research Intern,"During my research internship, I engineered and executed a comprehensive testing protocol for pre-trained machine learning pipelines, resulting in a 15% increase in accuracy on the test dataset. Additionally, I authored detailed documentation on Automated Machine Learning processes and best practices",SIGNALING
Conseillère à l'Emploi détachée Mission Locale,"Au sein du service emploi de la Mission Locale. Personne ressource jeunes en situation de handicap auprès des conseillers Mission Locale. Création et animations d'ateliers spécifiques, découverte du milieu protégé (ESAT, ESAT hors mur, entreprises adaptées) . Animation de l'atelier recherche d'emploi en partenariat avec collègues Mission Locale (2 semaines chaque mois). Développement du réseau de parrainage ML : prospection en entreprises. Préparation et accompagnement des jeunes aux forums recrutement...",SIGNALING
Industrial Engineer,"• Strong decision maker with ability to understand project objectives, scope, and deliverables, and adapt to changes, resulting in the implementation of company inventory data automation projects across 4 regions and 2 product segments. • Cross functional coordinator with expertise in developing machine learning models using Python resulting in the timely completion of over 3+ interdisciplinary projects in manufacturing, finance, and supply chain domains. • Expert problem solver skilled in using MS Office and data visualization tools including Power BI, as evidenced by the development of tools and metrics to proactively identify and fix issues and misalignments with data-oriented projects among teams across the world.",SIGNALING
Doctoral Student,"I am glad to share that I'm doing a research stay abroad at CREATIS, INSA Lyon! I will stay abroad for 6 months as a part of my doctoral degree and collaborate with this talented research group.During my stay, I will work on generation of realistic synthetic ultrasound data for the purpose of  training and validating segmentation and motion tracking algorithms for diagnostic support. Transesophageal data will be generated by adopting a simulation pipeline developed within CREATIS, INSA, Lyon. Synthetic data will also be used to train state-of-the-art machine learning-based methods for segmentation and motion tracking.",SIGNALING
SME - UEBA & Insider Threat,"Interset was an In-Q-Tel venture-backed software company providing a Security Analytics (UEBA) platform that utilizes Unsupervised Machine Learning to detect and surface Insider Threats. I started with the company as an early-stage startup and it was acquired by Micro Focus in 2019. •	Responsible for developing the market for this emerging technology with some of the largest enterprise accounts in region •	Top regional producer in 2016, 2017, 2018 & 2019 (Notable wins- AT&T, Bell Canada, Motorola and DoD. & .gov •	Company was acquired in 2019 by Micro Focus and I became a SME supporting the Global Sales and SE team, along with their Channel sellers, with their customers' Insider Risk projects.",SIGNALING
"Senior Manager, Agile Coaching Practice","As the Head of the Agile Coaching Practice I am responsible for coaching a staff of great agile coaches and enabling the growth of agility for the organization.Started and continue to have Scrum Master mentoring circles. Since then a Scrum Master has been promoted to my team as an Agile Coach.With the support and championing by senior leadership, I initiated and continue to expand CBREs Communities of Practice. We have Scrum CoP, Product Management CoP, Machine Learning CoP, and Leadership CoP.Co-organizer for the Product Management CoP. As a co-organizer I bring in guest speakers, occasionally present, and help connect people with each other to share ideas. Training programs, the ask from the community was short micro training classes. The Agile Coaches develop (and continue to refine) a number of classes that supports both remote attendance and face-to-face. Remote classes leverages tools such as Weave. Both classes incorporate training from the back-of-the-room techniques to create a high impact learning environment.",SIGNALING
"Digital Account Executive, Strategic SMC Clients","2022 Top Sub Account Team Winner2021 Circle of Excellence, Gold Club Winner2019 - 2023 Champion - Multiple internal committeesAll Microsoft Solution Suites: ERP, CRM, Azure Cloud, Data, AI, Security, Modern Workplace etc",SIGNALING
Senior Data Scientist,"A) Based on stakeholders' business requirements, developed and deployed machine learning applications/products to increase the rate, efficiency, and safety of oil & gas drilling, completions, and production as well as to serve other central departments (i.e., marketing, accounting, HR); and 
B) Discovering predictive and prescriptive trends and insights based on the advanced machine learning modeling of oil & gas data.",SIGNALING
Senior Staff Data Scientist,"A) Based on stakeholders' business requirements, develop and deploy machine learning applications/products to increase the rate, efficiency, and safety of oil & gas drilling, completions, and production as well as to serve other central departments (i.e., marketing, accounting, HR); and
B) Discovering predictive and prescriptive trends and insights based on the advanced machine learning modeling of oil & gas data.",SIGNALING
Business Intelligence Engineer,"Developed automatic solutions for inventory control problems.  

Designed machine learning for inventory control.

Use and maintain Redshift and MySQL databases for backend software usage. 

Designed metrics reporting for North America.

Designed internally used website for metrics reporting.",SIGNALING
Green Industry Consultant: Horticulture + Botanical Business Consulting & Coaching + Educator,"MEET ME AT THE CROSSROADS OF PLANT PASSION! I love the horticulture industry and I've spent more than 30 years discovering its nooks and crannies. My extensive expertise, experience, and enthusiasm can be put to use in a variety of ways to help your botanical practice bloom, be it personal or professional. EARNINGS: My specialty is hybridizing science-based horticultural know-how with botanical business & marketing savvy to provide deep insight to business & brand coaching clients. Through my Plant For Profits program, I provide vision, focus, and growth opportunities & strategy guidance for plantrepreneurs + career transformers: growers, plant shop owners, garden designers, landscape architects, interiorscapers and plant stylists, arborists, + horticultural product developers. EDUCATION: As a UCLAx Horticulture Instructor and plant book author, I develop & teach science-based courses in horticulture, botany, and horticulture business; targeted to industry members, career tranformers, and entrepreneurs. Look for new courses soon. As a degreed and ASHS Certified Professional Horticulturist, I provide horticultural consulting for commercial or residential properties and projects; Greenhouse growers, breeders, landscape architects, design & build firms, landscape maintenance companies, nurseries, garden centers, and companies that create horticultural products. EXPRESSION:  I am a confident and empowering speaker ready to energize your industry conference, event, or staff training. I provide Keynotes & Workshops on horticultural, green industry business, and marketing topics for the industry; as well horticultural programs related to my books for consumer-facing events, and provide expert quotes/interviews for the media. As a botanical artist I express plant passion through art and illustration, which you can find at my website. EXPLORATION: I love botanizing and plant-focused travel, so stay tuned for upcoming botanizing travel experiences!",SIGNALING
Catastrophe Modelling Application Developer,- Python APIs in Flask- MSSQL- Machine learning classification and clustering,SIGNALING
Faculty @ SNHU - Comp Sci & Mathematics,"☛  Artificial Intelligence 
☛  Principles of Machine Learning
☛  Database Systems 
☛  Systems Analysis & Design
☛  Applied Statistics
☛  Introduction to Programming",SIGNALING
Principal Consultant,"Wing had good reputation and did well in Hardware,Software,AI/Big Data/Block Chain/Cloud/Chips/IoT and all kinds of new technology related areas.",SIGNALING
Engineer Electrical,"Job Responsibilities: Installation & termination of DB's, Panels, Lightning Arrester & Earthing. Installation & Commissioning structural cabling, cable laying and its supports and trenching. Electrical Equipment’s used in power plant like HT/LT motors (Induction and synchronous), HT/LT Transformers, wide range of Switchgears, Rotary and static UPS, Battery chargers, etc. Having experience of close & open the earthing Switch of various bays. Preparing & Maintenance the documents, Records and Reports of projects.",SIGNALING
"ML, AI, Data Science Intern","Enhanced fast fashion profitability by 17% through the development and successful A/B testing of prototype Pricing and Relevancy Engines using cutting-edge machine learning. Implemented a feature analysis algorithm, reducing human intervention and minimizing dimensionality in AI algorithm feature selection, resulting in improved efficiency and performance. [Article Link below]",SIGNALING
Chef de projet,"Projet MSP pour EDF/Gaz de France pour le compte de Capgemini Gestion du projet (mixte TMA/AT de 2 personnes, CA 25 K€) de scellement et contrôle d’intégrité des lots de paiement ASCII et EBCDIC avec reprise et maintien des compétences, diagnostics, corrections",SIGNALING
Juriste externe en protection des données personnelles chez CAPGEMINI,"- Conduite d'audit conformité RGPD en France et au Maroc (en tant que Responsable de traitement et Sous-traitant) - Contribution au besoin des opérationnels sur les problématiques data - Recommandation sur la négociation de contrats - Préparer des supports de communication, de formation, de sensibilisation",SIGNALING
Research And Development Intern,Group InnovationArchitecture & AI-Technology,SIGNALING
"Senior Director, Business Development, APAC","Transformed the Business Development function for APAC by: integrating two separate departments; hiring a new senior management team; and redesigning the operating model for the function Launched growth programs for multiple new countries; financial services; subsea; genomics & healthcare AI Co-leads WeAreEquinix for APAC: Equinix’s program for Diversity, Inclusion & Belonging Doubled APAC internet exchange traffic over three years – with Singapore becoming the 4th largest IX globally The team hosts >20 events annually, inc. the Asia Peering Forum (>140 customers) & the India Peering Forum Nominated to the Presidents’ Club 2023 (for sales excellence), & Archimedes (Equinix’s leadership incubator)",SIGNALING
Enterprise Account Executive,"ThoughtSpot is a search & AI-driven analytics platform designed for the business user. Not only was this meant for ease of use for line of business employees that are in constant need of data to make better decisions, but it also allows Business Intelligence and IT teams to focus on important data initiatives. BI teams no longer need to have a backlog of ad-hoc reporting requests, and LOB teams can ask questions  of several different data sets that will help them understand their business in a matter of minutes. I'm focused on 30 key accounts in the TOLA region, spreading awareness, generating pipeline, and bringing in revenue as we continue to grow at an exponential rate, 195% YTD '19.",AI USER
Enterprise Data & Artificial Intelligence Sales Director,"I managed the Microsoft data platform and hybrid cloud sales business for enterprise customers in the South Central Region for six years.  In this role, I led a team of sales executives and technical pre-sales specialists/architects with over $100M quota.  We worked with customers and partners (ISV's, Global Alliance Partners, and National SI's) to drive on premise, hybrid, and/or cloud solution sales including Big Data (HADOOP), IAAS, PAAS, and cloud based advanced analytics solutions including machine learning, data warehousing services, and cloud based analytics solutions including PowerBI. We leveraged overlay technical sales staff including data scientists.  Our key competitors included Amazon Web Services, IBM Soft Layer, Rackspace, Teradata, SAP, Oracle, Salesforce.com, and many others. *  Our region exceeded quota four out of six years and our team won many large competitive takeout and ""Marquee"" deals consistently driving ~ 10% year over year revenue growth in the regions SQL Server business.  Our team finished twice in Top 2 of the 12 US regions on annual quota attainment in region rankings.*  We won many different large Azure workload deals, region was #1 US enterprise in FY 16 on Azure usage, and I led the ISV Co-Sell initiative for region finishing as one of two US enterprise sales regions that exceeded the very high win target set by our US leadership team.*  My team drove over 25 HP & Dell Massively Parallel Processing (MPP) Data Warehouse appliance unit wins and the initial marquee customer references which were used by Microsoft scale out and grow global MPP Data Warehouse business.",AI USER
Enterprise Azure Sales Director,"I ran a rapidly growing territory for the Azure cloud business for Microsoft in the South Central Region.   This included managing a team of sales professionals, cloud solution architects, and data services architects focused on strategic Azure accounts.   We were responsible for new bookings and ensuring customers are successful with their Digital Transformation initiatives.  We worked with customers and partners (ISV's, Global Alliance Partners, and National SI's) to drive Azure solution sales including Big Data (HADOOP), IAAS, PAAS, and cloud based advanced analytics solutions including machine learning, data warehousing services, Cognitive Services, and cloud based business intelligence solutions. Our team leveraged specialized overlay technical sales staff including data scientists.  Our key competitors include Amazon Web Services, IBM, Teradata, SAP, Oracle, Salesforce.com, and many others.  My team exceeded billing and consumption targets for the region while ensuring a high level of customer satisfaction in the cloud services and the Microsoft strategic partnership.  The key results from last sales year were:*  In FY 17 sales year, finished 124% attainment on Azure quota, my team drove ~ 2/3 of regions year over year growth in monthly Azure usage for region, region finished with #1 ranking in United States in the enterprise business for Azure usage*  I led for sales region the ISV Co-Sell initiative finishing ~ 200% of win target accelerating regional success with partners and landing key design wins to help partners accelerate scale in global market* My team won multiple new ""Marquee"" accounts for Azure working closely with strategic GSI and ISV partners, drove over 300% Azure usage growth in existing strategic accounts, and ensured customer success in Azure",AI USER
Strategist,"Strategist for clients, including; Nike, Stella McCartney, Inflection AI, World Gold Council, Sony, aiScout, Coca-Cola, Mission44 and Illumination Entertainment.",SIGNALING
Finance Data Manager,"• Implement Data Sourcing and Management controls for HKMA regulatory reports.• Develop and maintain data management related documentation for Business Data Elements such as data dictionaries, data lineages, trusted source assessment and data quality controls.• Work with process owners and IT on implementation of data quality rules for End User Computing and Finance Systems.• Gather user requirements and manage PoC development and testing of Generative AI inititives for Finance. • Perpare business case and cost-benefit analysis for senior commitee to drive the adoption of AI solutions across Finance teams.",AI INTEGRATOR
Perito Industriale,"RSPP E CONSULENTE ESTERNO IN MATERIA DI SALUTE E SICUREZZA NEI LUOGHI DILAVORO – SISTEMI DI GESTIONE SICUREZZA SUL LAVORO – COORDINATORE PER LASICUREZZA NEI CANTIERI – PROGETTAZIONE ANTINCENDIO – VERIFICHE E PERIZIEGIURATE SU IMPIANTI DI PROTEZIONE ANTINCENDIO – DOCUMENTI DI VALUTAZIONEDEI RISCHI - FORMAZIONE, INFORMAZIONE ED ADDESTRAMENTO DEI LAVORATORI SUIRISCHI LAVORATIVI, SULLA PREVENZIONE INCENDI E GESTIONE DELLE EMERGENZE.RSPP ESTERNO ED INTERNO – COORDINATORE DEI LAVORI IN FASE DIPROGETTAZIONE ED ESECUZIONE – PROGETTISTA E DIREZIONE AI LAVORI INMATERIA DI ANTINCENDIO",SIGNALING
Data Engineer,"Currently, I am working on 4D BIM modelling and Machine Learning for Predictive Maintenance modelling for Asset Management. I have been working across various projects, notably Data Engineer secondments with two different client.",SIGNALING
Research Engineer,"Problems in NLP, time series and ML Infra",SIGNALING
Project Team Member,"- Prototyped an AI savings coach and OCR receipt scanner to extract data from receipts to help track the spending of Millenials and identify possible areas they can save using Azure Machine Learning, Blob Storage, OCR API, and PowerApps.- Worked closely with Microsoft, presenting solutions tailored to challenges faced by young adults and provided a live demo to a senior audit manager from RBC, showcasing unique approaches to business problems.",AI INTEGRATOR
Graduate Teaching Assistant,"CS480/680 - Intro to Machine learning (Spring 2019, Summer 2019)
Evaluating project proposals, verifying python code and grading
exams while providing constructive and concise feedback.",SIGNALING
